{"cameraMode":{"drawMode":0,"name":"Shaded","section":"Shading Mode"},"sceneLighting":false,"audioPlay":false,"sceneViewState":{"m_AlwaysRefresh":false,"showFog":true,"showSkybox":false,"showFlares":true,"showImageEffects":true,"showParticleSystems":true,"showVisualEffectGraphs":true,"m_FxEnabled":true},"in2DMode":false,"pivot":{"x":4.22599983215332,"y":2.884999990463257,"z":-2.2291691303253176},"rotation":{"x":-0.45228317379951479,"y":-0.039582349359989169,"z":0.020092923194169999,"w":-0.8908008933067322},"size":0.20286597311496736,"orthographic":true}