{"cameraMode":{"drawMode":0,"name":"Shaded","section":"Shading Mode"},"sceneLighting":true,"audioPlay":false,"sceneViewState":{"m_AlwaysRefresh":false,"showFog":true,"showSkybox":true,"showFlares":true,"showImageEffects":true,"showParticleSystems":true,"showVisualEffectGraphs":true,"m_FxEnabled":true},"in2DMode":false,"pivot":{"x":-1.1890000104904175,"y":1.0611581802368165,"z":2.0301451683044435},"rotation":{"x":0.002657479140907526,"y":-0.9871208071708679,"z":0.1628524363040924,"w":0.0018162375781685114},"size":0.6396765112876892,"orthographic":false}