{"cameraMode":{"drawMode":0,"name":"Shaded","section":"Shading Mode"},"sceneLighting":true,"audioPlay":false,"sceneViewState":{"m_AlwaysRefresh":false,"showFog":true,"showSkybox":true,"showFlares":true,"showImageEffects":true,"showParticleSystems":true,"showVisualEffectGraphs":true,"m_FxEnabled":true},"in2DMode":false,"pivot":{"x":-1.1890000104904175,"y":1.0550000667572022,"z":2.0299999713897707},"rotation":{"x":-0.002046729438006878,"y":0.9858092069625855,"z":-0.1711602807044983,"w":0.001669614459387958},"size":0.5249999761581421,"orthographic":false}