{"cameraMode":{"drawMode":0,"name":"Shaded","section":"Shading Mode"},"sceneLighting":false,"audioPlay":false,"sceneViewState":{"m_AlwaysRefresh":false,"showFog":true,"showSkybox":false,"showFlares":true,"showImageEffects":true,"showParticleSystems":true,"showVisualEffectGraphs":true,"m_FxEnabled":true},"in2DMode":false,"pivot":{"x":0.00012153387069702148,"y":0.7022915482521057,"z":-0.005093038082122803},"rotation":{"x":-0.3299458920955658,"y":-0.028951479122042657,"z":0.01128333993256092,"w":-0.94390869140625},"size":1.114824891090393,"orthographic":false}